<mediawiki xmlns="http://www.mediawiki.org/xml/export-0.11/" xmlns:xsi="http://www.w3.org/2001/XMLSchema-instance" xsi:schemaLocation="http://www.mediawiki.org/xml/export-0.11/ http://www.mediawiki.org/xml/export-0.11.xsd" version="0.11" xml:lang="en">
  <siteinfo>
    <sitename>gb</sitename>
    <dbname>gb_wiki</dbname>
    <base>http://localhost:8080/index.php/Main_Page</base>
    <generator>MediaWiki 1.43.5</generator>
    <case>first-letter</case>
    <namespaces>
      <namespace key="-2" case="first-letter">Media</namespace>
      <namespace key="-1" case="first-letter">Special</namespace>
      <namespace key="0" case="first-letter" />
      <namespace key="1" case="first-letter">Talk</namespace>
      <namespace key="2" case="first-letter">User</namespace>
      <namespace key="3" case="first-letter">User talk</namespace>
      <namespace key="4" case="first-letter">Gb</namespace>
      <namespace key="5" case="first-letter">Gb talk</namespace>
      <namespace key="6" case="first-letter">File</namespace>
      <namespace key="7" case="first-letter">File talk</namespace>
      <namespace key="8" case="first-letter">MediaWiki</namespace>
      <namespace key="9" case="first-letter">MediaWiki talk</namespace>
      <namespace key="10" case="first-letter">Template</namespace>
      <namespace key="11" case="first-letter">Template talk</namespace>
      <namespace key="12" case="first-letter">Help</namespace>
      <namespace key="13" case="first-letter">Help talk</namespace>
      <namespace key="14" case="first-letter">Category</namespace>
      <namespace key="15" case="first-letter">Category talk</namespace>
      <namespace key="102" case="first-letter">Property</namespace>
      <namespace key="103" case="first-letter">Property talk</namespace>
      <namespace key="106" case="first-letter">Form</namespace>
      <namespace key="107" case="first-letter">Form talk</namespace>
      <namespace key="108" case="first-letter">Concept</namespace>
      <namespace key="109" case="first-letter">Concept talk</namespace>
      <namespace key="112" case="first-letter">smw/schema</namespace>
      <namespace key="113" case="first-letter">smw/schema talk</namespace>
      <namespace key="828" case="first-letter">Module</namespace>
      <namespace key="829" case="first-letter">Module talk</namespace>
    </namespaces>
  </siteinfo>
  <page>
    <title>Games</title>
    <ns>0</ns>
    <id>233272</id>
    <revision>
      <id>426509</id>
      <parentid>426481</parentid>
      <timestamp>2025-10-22T00:48:09Z</timestamp>
      <contributor>
        <username>Giantbomb</username>
        <id>1</id>
      </contributor>
      <origin>426509</origin>
      <model>wikitext</model>
      <format>text/x-wiki</format>
      <text bytes="624" sha1="n8tkiss3te9pjftgo2eev61psyrbd5g" xml:space="preserve">{| class="wikitable" align=center width=100%
! colspan=32 | Games
|- align=center
| '''[[Games_0-4|0-4]]
| '''[[Games_5-9|5-9]]
| '''[[Games_A|A]]
| '''[[Games_B|B]]
| '''[[Games_C|C]]
| '''[[Games_D|D]]
| '''[[Games_E|E]]
| '''[[Games_F|F]]
| '''[[Games_G|G]]
| '''[[Games_H|H]]
| '''[[Games_I|I]]
| '''[[Games_J|J]]
| '''[[Games_K|K]]
| '''[[Games_L|L]]
| '''[[Games_M|M]]
| '''[[Games_N|N]]
| '''[[Games_O|O]]
| '''[[Games_P|P]]
| '''[[Games_Q|Q]]
| '''[[Games_R|R]]
| '''[[Games_S|S]]
| '''[[Games_T|T]]
| '''[[Games_U|U]]
| '''[[Games_V|V]]
| '''[[Games_W|W]]
| '''[[Games_X|X]]
| '''[[Games_Y|Y]]
| '''[[Games_Z|Z]]
|}</text>
      <sha1>n8tkiss3te9pjftgo2eev61psyrbd5g</sha1>
    </revision>
  </page>
  <page>
    <title>Games 0-4</title>
    <ns>0</ns>
    <id>425840</id>
    <revision>
      <id>426508</id>
      <timestamp>2025-10-22T00:47:43Z</timestamp>
      <contributor>
        <username>Giantbomb</username>
        <id>1</id>
      </contributor>
      <comment>Created page with "{| class="wikitable" align=center width=100% ! colspan=32 | Games |- align=center | '''[[Games_0-4|0-4]] | '''[[Games_5-9|5-9]] | '''[[Games_A|A]] | '''[[Games_B|B]] | '''[[Games_C|C]] | '''[[Games_D|D]] | '''[[Games_E|E]] | '''[[Games_F|F]] | '''[[Games_G|G]] | '''[[Games_H|H]] | '''[[Games_I|I]] | '''[[Games_J|J]] | '''[[Games_K|K]] | '''[[Games_L|L]] | '''[[Games_M|M]] | '''[[Games_N|N]] | '''[[Games_O|O]] | '''[[Games_P|P]] | '''[[Games_Q|Q]] | '''[[Games_R|R]] | '''..."</comment>
      <origin>426508</origin>
      <model>wikitext</model>
      <format>text/x-wiki</format>
      <text bytes="1395" sha1="6my04377xss1nosl767zxlp2ulemn9v" xml:space="preserve">{| class="wikitable" align=center width=100%
! colspan=32 | Games
|- align=center
| '''[[Games_0-4|0-4]]
| '''[[Games_5-9|5-9]]
| '''[[Games_A|A]]
| '''[[Games_B|B]]
| '''[[Games_C|C]]
| '''[[Games_D|D]]
| '''[[Games_E|E]]
| '''[[Games_F|F]]
| '''[[Games_G|G]]
| '''[[Games_H|H]]
| '''[[Games_I|I]]
| '''[[Games_J|J]]
| '''[[Games_K|K]]
| '''[[Games_L|L]]
| '''[[Games_M|M]]
| '''[[Games_N|N]]
| '''[[Games_O|O]]
| '''[[Games_P|P]]
| '''[[Games_Q|Q]]
| '''[[Games_R|R]]
| '''[[Games_S|S]]
| '''[[Games_T|T]]
| '''[[Games_U|U]]
| '''[[Games_V|V]]
| '''[[Games_W|W]]
| '''[[Games_X|X]]
| '''[[Games_Y|Y]]
| '''[[Games_Z|Z]]
|}


{{Datatable styles}}
{{#ask:
 [[Category:Games]]
 [[Display title of::~0*]] OR [[Display title of::~1*]] OR [[Display title of::~2*]] OR [[Display title of::~3*]] OR [[Display title of::~4*]]
 [[:+]]
 |?Has release date=Release Date
 |?Has characters=Characters
 |?Has concepts=Concepts
 |?Has developers=Developers
 |?Has franchise=Franchise
 |?Has games=Games
 |?Has genres=Genres
 |?Has locations=Locations
 |?Has objects=Objects
 |?Has platforms=Platforms
 |?Has publishers=Publishers
 |?Has themes=Themes
 |mainlabel=Name
 |headers=plain
 |class=datatable
}}</text>
      <sha1>6my04377xss1nosl767zxlp2ulemn9v</sha1>
    </revision>
  </page>
  <page>
    <title>Games 5-9</title>
    <ns>0</ns>
    <id>425839</id>
    <revision>
      <id>426507</id>
      <timestamp>2025-10-22T00:46:49Z</timestamp>
      <contributor>
        <username>Giantbomb</username>
        <id>1</id>
      </contributor>
      <comment>Created page with "{| class="wikitable" align=center width=100% ! colspan=32 | Games |- align=center | '''[[Games_0-4|0-4]] | '''[[Games_5-9|5-9]] | '''[[Games_A|A]] | '''[[Games_B|B]] | '''[[Games_C|C]] | '''[[Games_D|D]] | '''[[Games_E|E]] | '''[[Games_F|F]] | '''[[Games_G|G]] | '''[[Games_H|H]] | '''[[Games_I|I]] | '''[[Games_J|J]] | '''[[Games_K|K]] | '''[[Games_L|L]] | '''[[Games_M|M]] | '''[[Games_N|N]] | '''[[Games_O|O]] | '''[[Games_P|P]] | '''[[Games_Q|Q]] | '''[[Games_R|R]] | '''..."</comment>
      <origin>426507</origin>
      <model>wikitext</model>
      <format>text/x-wiki</format>
      <text bytes="1395" sha1="ml8ohmccutxrp6trar2dmplix535vtx" xml:space="preserve">{| class="wikitable" align=center width=100%
! colspan=32 | Games
|- align=center
| '''[[Games_0-4|0-4]]
| '''[[Games_5-9|5-9]]
| '''[[Games_A|A]]
| '''[[Games_B|B]]
| '''[[Games_C|C]]
| '''[[Games_D|D]]
| '''[[Games_E|E]]
| '''[[Games_F|F]]
| '''[[Games_G|G]]
| '''[[Games_H|H]]
| '''[[Games_I|I]]
| '''[[Games_J|J]]
| '''[[Games_K|K]]
| '''[[Games_L|L]]
| '''[[Games_M|M]]
| '''[[Games_N|N]]
| '''[[Games_O|O]]
| '''[[Games_P|P]]
| '''[[Games_Q|Q]]
| '''[[Games_R|R]]
| '''[[Games_S|S]]
| '''[[Games_T|T]]
| '''[[Games_U|U]]
| '''[[Games_V|V]]
| '''[[Games_W|W]]
| '''[[Games_X|X]]
| '''[[Games_Y|Y]]
| '''[[Games_Z|Z]]
|}


{{Datatable styles}}
{{#ask:
 [[Category:Games]]
 [[Display title of::~5*]] OR [[Display title of::~6*]] OR [[Display title of::~7*]] OR [[Display title of::~8*]] OR [[Display title of::~9*]]
 [[:+]]
 |?Has release date=Release Date
 |?Has characters=Characters
 |?Has concepts=Concepts
 |?Has developers=Developers
 |?Has franchise=Franchise
 |?Has games=Games
 |?Has genres=Genres
 |?Has locations=Locations
 |?Has objects=Objects
 |?Has platforms=Platforms
 |?Has publishers=Publishers
 |?Has themes=Themes
 |mainlabel=Name
 |headers=plain
 |class=datatable
}}</text>
      <sha1>ml8ohmccutxrp6trar2dmplix535vtx</sha1>
    </revision>
  </page>
  <page>
    <title>Games A</title>
    <ns>0</ns>
    <id>425841</id>
    <revision>
      <id>426545</id>
      <parentid>426539</parentid>
      <timestamp>2025-10-22T01:04:44Z</timestamp>
      <contributor>
        <username>Giantbomb</username>
        <id>1</id>
      </contributor>
      <origin>426545</origin>
      <model>wikitext</model>
      <format>text/x-wiki</format>
      <text bytes="1374" sha1="5v3fxslacm1e8qk26soh2k69yaz52g7" xml:space="preserve">{| class="wikitable" align=center width=100%
! colspan=32 | Games
|- align=center
| '''[[Games_0-4|0-4]]
| '''[[Games_5-9|5-9]]
| '''[[Games_A|A]]
| '''[[Games_B|B]]
| '''[[Games_C|C]]
| '''[[Games_D|D]]
| '''[[Games_E|E]]
| '''[[Games_F|F]]
| '''[[Games_G|G]]
| '''[[Games_H|H]]
| '''[[Games_I|I]]
| '''[[Games_J|J]]
| '''[[Games_K|K]]
| '''[[Games_L|L]]
| '''[[Games_M|M]]
| '''[[Games_N|N]]
| '''[[Games_O|O]]
| '''[[Games_P|P]]
| '''[[Games_Q|Q]]
| '''[[Games_R|R]]
| '''[[Games_S|S]]
| '''[[Games_T|T]]
| '''[[Games_U|U]]
| '''[[Games_V|V]]
| '''[[Games_W|W]]
| '''[[Games_X|X]]
| '''[[Games_Y|Y]]
| '''[[Games_Z|Z]]
|}


{{Datatable styles}}
{{#ask:
 [[Category:Games]]
 [[Category:Games]]
 [[Display title of::~A*]] OR 
 [[Category:Games]]
 [[Display title of::~a*]]
 [[:+]]
 |?Has release date=Release Date
 |?Has characters=Characters
 |?Has concepts=Concepts
 |?Has developers=Developers
 |?Has franchise=Franchise
 |?Has games=Games
 |?Has genres=Genres
 |?Has locations=Locations
 |?Has objects=Objects
 |?Has platforms=Platforms
 |?Has publishers=Publishers
 |?Has themes=Themes
 |mainlabel=Name
 |headers=plain
 |class=datatable
}}</text>
      <sha1>5v3fxslacm1e8qk26soh2k69yaz52g7</sha1>
    </revision>
  </page>
  <page>
    <title>Games B</title>
    <ns>0</ns>
    <id>425842</id>
    <revision>
      <id>426546</id>
      <parentid>426540</parentid>
      <timestamp>2025-10-22T01:04:56Z</timestamp>
      <contributor>
        <username>Giantbomb</username>
        <id>1</id>
      </contributor>
      <origin>426546</origin>
      <model>wikitext</model>
      <format>text/x-wiki</format>
      <text bytes="1354" sha1="g6o1grea5p103n6cpk6h0ztfdm1swqa" xml:space="preserve">{| class="wikitable" align=center width=100%
! colspan=32 | Games
|- align=center
| '''[[Games_0-4|0-4]]
| '''[[Games_5-9|5-9]]
| '''[[Games_A|A]]
| '''[[Games_B|B]]
| '''[[Games_C|C]]
| '''[[Games_D|D]]
| '''[[Games_E|E]]
| '''[[Games_F|F]]
| '''[[Games_G|G]]
| '''[[Games_H|H]]
| '''[[Games_I|I]]
| '''[[Games_J|J]]
| '''[[Games_K|K]]
| '''[[Games_L|L]]
| '''[[Games_M|M]]
| '''[[Games_N|N]]
| '''[[Games_O|O]]
| '''[[Games_P|P]]
| '''[[Games_Q|Q]]
| '''[[Games_R|R]]
| '''[[Games_S|S]]
| '''[[Games_T|T]]
| '''[[Games_U|U]]
| '''[[Games_V|V]]
| '''[[Games_W|W]]
| '''[[Games_X|X]]
| '''[[Games_Y|Y]]
| '''[[Games_Z|Z]]
|}


{{Datatable styles}}
{{#ask:
 [[Category:Games]]
 [[Display title of::~B*]] OR 
 [[Category:Games]]
 [[Display title of::~b*]]
 [[:+]]
 |?Has release date=Release Date
 |?Has characters=Characters
 |?Has concepts=Concepts
 |?Has developers=Developers
 |?Has franchise=Franchise
 |?Has games=Games
 |?Has genres=Genres
 |?Has locations=Locations
 |?Has objects=Objects
 |?Has platforms=Platforms
 |?Has publishers=Publishers
 |?Has themes=Themes
 |mainlabel=Name
 |headers=plain
 |class=datatable
}}</text>
      <sha1>g6o1grea5p103n6cpk6h0ztfdm1swqa</sha1>
    </revision>
  </page>
  <page>
    <title>Games C</title>
    <ns>0</ns>
    <id>425843</id>
    <revision>
      <id>426547</id>
      <parentid>426541</parentid>
      <timestamp>2025-10-22T01:05:10Z</timestamp>
      <contributor>
        <username>Giantbomb</username>
        <id>1</id>
      </contributor>
      <origin>426547</origin>
      <model>wikitext</model>
      <format>text/x-wiki</format>
      <text bytes="1354" sha1="esx2de7xbdi6j8h2ddm1exzxbgwfcsn" xml:space="preserve">{| class="wikitable" align=center width=100%
! colspan=32 | Games
|- align=center
| '''[[Games_0-4|0-4]]
| '''[[Games_5-9|5-9]]
| '''[[Games_A|A]]
| '''[[Games_B|B]]
| '''[[Games_C|C]]
| '''[[Games_D|D]]
| '''[[Games_E|E]]
| '''[[Games_F|F]]
| '''[[Games_G|G]]
| '''[[Games_H|H]]
| '''[[Games_I|I]]
| '''[[Games_J|J]]
| '''[[Games_K|K]]
| '''[[Games_L|L]]
| '''[[Games_M|M]]
| '''[[Games_N|N]]
| '''[[Games_O|O]]
| '''[[Games_P|P]]
| '''[[Games_Q|Q]]
| '''[[Games_R|R]]
| '''[[Games_S|S]]
| '''[[Games_T|T]]
| '''[[Games_U|U]]
| '''[[Games_V|V]]
| '''[[Games_W|W]]
| '''[[Games_X|X]]
| '''[[Games_Y|Y]]
| '''[[Games_Z|Z]]
|}


{{Datatable styles}}
{{#ask:
 [[Category:Games]]
 [[Display title of::~C*]] OR 
 [[Category:Games]]
 [[Display title of::~c*]]
 [[:+]]
 |?Has release date=Release Date
 |?Has characters=Characters
 |?Has concepts=Concepts
 |?Has developers=Developers
 |?Has franchise=Franchise
 |?Has games=Games
 |?Has genres=Genres
 |?Has locations=Locations
 |?Has objects=Objects
 |?Has platforms=Platforms
 |?Has publishers=Publishers
 |?Has themes=Themes
 |mainlabel=Name
 |headers=plain
 |class=datatable
}}</text>
      <sha1>esx2de7xbdi6j8h2ddm1exzxbgwfcsn</sha1>
    </revision>
  </page>
  <page>
    <title>Games D</title>
    <ns>0</ns>
    <id>425844</id>
    <revision>
      <id>426548</id>
      <parentid>426514</parentid>
      <timestamp>2025-10-22T01:05:22Z</timestamp>
      <contributor>
        <username>Giantbomb</username>
        <id>1</id>
      </contributor>
      <origin>426548</origin>
      <model>wikitext</model>
      <format>text/x-wiki</format>
      <text bytes="1354" sha1="7aepxh8op587p7kls4968qmnkir9l89" xml:space="preserve">{| class="wikitable" align=center width=100%
! colspan=32 | Games
|- align=center
| '''[[Games_0-4|0-4]]
| '''[[Games_5-9|5-9]]
| '''[[Games_A|A]]
| '''[[Games_B|B]]
| '''[[Games_C|C]]
| '''[[Games_D|D]]
| '''[[Games_E|E]]
| '''[[Games_F|F]]
| '''[[Games_G|G]]
| '''[[Games_H|H]]
| '''[[Games_I|I]]
| '''[[Games_J|J]]
| '''[[Games_K|K]]
| '''[[Games_L|L]]
| '''[[Games_M|M]]
| '''[[Games_N|N]]
| '''[[Games_O|O]]
| '''[[Games_P|P]]
| '''[[Games_Q|Q]]
| '''[[Games_R|R]]
| '''[[Games_S|S]]
| '''[[Games_T|T]]
| '''[[Games_U|U]]
| '''[[Games_V|V]]
| '''[[Games_W|W]]
| '''[[Games_X|X]]
| '''[[Games_Y|Y]]
| '''[[Games_Z|Z]]
|}


{{Datatable styles}}
{{#ask:
 [[Category:Games]]
 [[Display title of::~D*]] OR 
 [[Category:Games]]
 [[Display title of::~d*]]
 [[:+]]
 |?Has release date=Release Date
 |?Has characters=Characters
 |?Has concepts=Concepts
 |?Has developers=Developers
 |?Has franchise=Franchise
 |?Has games=Games
 |?Has genres=Genres
 |?Has locations=Locations
 |?Has objects=Objects
 |?Has platforms=Platforms
 |?Has publishers=Publishers
 |?Has themes=Themes
 |mainlabel=Name
 |headers=plain
 |class=datatable
}}</text>
      <sha1>7aepxh8op587p7kls4968qmnkir9l89</sha1>
    </revision>
  </page>
  <page>
    <title>Games E</title>
    <ns>0</ns>
    <id>425845</id>
    <revision>
      <id>426549</id>
      <parentid>426515</parentid>
      <timestamp>2025-10-22T01:05:34Z</timestamp>
      <contributor>
        <username>Giantbomb</username>
        <id>1</id>
      </contributor>
      <origin>426549</origin>
      <model>wikitext</model>
      <format>text/x-wiki</format>
      <text bytes="1354" sha1="h41f5ptqr37xcfrtxj6islketn7e9ea" xml:space="preserve">{| class="wikitable" align=center width=100%
! colspan=32 | Games
|- align=center
| '''[[Games_0-4|0-4]]
| '''[[Games_5-9|5-9]]
| '''[[Games_A|A]]
| '''[[Games_B|B]]
| '''[[Games_C|C]]
| '''[[Games_D|D]]
| '''[[Games_E|E]]
| '''[[Games_F|F]]
| '''[[Games_G|G]]
| '''[[Games_H|H]]
| '''[[Games_I|I]]
| '''[[Games_J|J]]
| '''[[Games_K|K]]
| '''[[Games_L|L]]
| '''[[Games_M|M]]
| '''[[Games_N|N]]
| '''[[Games_O|O]]
| '''[[Games_P|P]]
| '''[[Games_Q|Q]]
| '''[[Games_R|R]]
| '''[[Games_S|S]]
| '''[[Games_T|T]]
| '''[[Games_U|U]]
| '''[[Games_V|V]]
| '''[[Games_W|W]]
| '''[[Games_X|X]]
| '''[[Games_Y|Y]]
| '''[[Games_Z|Z]]
|}


{{Datatable styles}}
{{#ask:
 [[Category:Games]]
 [[Display title of::~E*]] OR 
 [[Category:Games]]
 [[Display title of::~e*]]
 [[:+]]
 |?Has release date=Release Date
 |?Has characters=Characters
 |?Has concepts=Concepts
 |?Has developers=Developers
 |?Has franchise=Franchise
 |?Has games=Games
 |?Has genres=Genres
 |?Has locations=Locations
 |?Has objects=Objects
 |?Has platforms=Platforms
 |?Has publishers=Publishers
 |?Has themes=Themes
 |mainlabel=Name
 |headers=plain
 |class=datatable
}}</text>
      <sha1>h41f5ptqr37xcfrtxj6islketn7e9ea</sha1>
    </revision>
  </page>
  <page>
    <title>Games F</title>
    <ns>0</ns>
    <id>425846</id>
    <revision>
      <id>426550</id>
      <parentid>426516</parentid>
      <timestamp>2025-10-22T01:05:47Z</timestamp>
      <contributor>
        <username>Giantbomb</username>
        <id>1</id>
      </contributor>
      <origin>426550</origin>
      <model>wikitext</model>
      <format>text/x-wiki</format>
      <text bytes="1354" sha1="abbb2vv67v07er29sldhdqqd0wo5xrm" xml:space="preserve">{| class="wikitable" align=center width=100%
! colspan=32 | Games
|- align=center
| '''[[Games_0-4|0-4]]
| '''[[Games_5-9|5-9]]
| '''[[Games_A|A]]
| '''[[Games_B|B]]
| '''[[Games_C|C]]
| '''[[Games_D|D]]
| '''[[Games_E|E]]
| '''[[Games_F|F]]
| '''[[Games_G|G]]
| '''[[Games_H|H]]
| '''[[Games_I|I]]
| '''[[Games_J|J]]
| '''[[Games_K|K]]
| '''[[Games_L|L]]
| '''[[Games_M|M]]
| '''[[Games_N|N]]
| '''[[Games_O|O]]
| '''[[Games_P|P]]
| '''[[Games_Q|Q]]
| '''[[Games_R|R]]
| '''[[Games_S|S]]
| '''[[Games_T|T]]
| '''[[Games_U|U]]
| '''[[Games_V|V]]
| '''[[Games_W|W]]
| '''[[Games_X|X]]
| '''[[Games_Y|Y]]
| '''[[Games_Z|Z]]
|}


{{Datatable styles}}
{{#ask:
 [[Category:Games]]
 [[Display title of::~F*]] OR 
 [[Category:Games]]
 [[Display title of::~f*]]
 [[:+]]
 |?Has release date=Release Date
 |?Has characters=Characters
 |?Has concepts=Concepts
 |?Has developers=Developers
 |?Has franchise=Franchise
 |?Has games=Games
 |?Has genres=Genres
 |?Has locations=Locations
 |?Has objects=Objects
 |?Has platforms=Platforms
 |?Has publishers=Publishers
 |?Has themes=Themes
 |mainlabel=Name
 |headers=plain
 |class=datatable
}}</text>
      <sha1>abbb2vv67v07er29sldhdqqd0wo5xrm</sha1>
    </revision>
  </page>
  <page>
    <title>Games G</title>
    <ns>0</ns>
    <id>425847</id>
    <revision>
      <id>426551</id>
      <parentid>426517</parentid>
      <timestamp>2025-10-22T01:05:58Z</timestamp>
      <contributor>
        <username>Giantbomb</username>
        <id>1</id>
      </contributor>
      <origin>426551</origin>
      <model>wikitext</model>
      <format>text/x-wiki</format>
      <text bytes="1354" sha1="plqf85o6zrdgcjys7ixnq90yq1k3k8y" xml:space="preserve">{| class="wikitable" align=center width=100%
! colspan=32 | Games
|- align=center
| '''[[Games_0-4|0-4]]
| '''[[Games_5-9|5-9]]
| '''[[Games_A|A]]
| '''[[Games_B|B]]
| '''[[Games_C|C]]
| '''[[Games_D|D]]
| '''[[Games_E|E]]
| '''[[Games_F|F]]
| '''[[Games_G|G]]
| '''[[Games_H|H]]
| '''[[Games_I|I]]
| '''[[Games_J|J]]
| '''[[Games_K|K]]
| '''[[Games_L|L]]
| '''[[Games_M|M]]
| '''[[Games_N|N]]
| '''[[Games_O|O]]
| '''[[Games_P|P]]
| '''[[Games_Q|Q]]
| '''[[Games_R|R]]
| '''[[Games_S|S]]
| '''[[Games_T|T]]
| '''[[Games_U|U]]
| '''[[Games_V|V]]
| '''[[Games_W|W]]
| '''[[Games_X|X]]
| '''[[Games_Y|Y]]
| '''[[Games_Z|Z]]
|}


{{Datatable styles}}
{{#ask:
 [[Category:Games]]
 [[Display title of::~G*]] OR 
 [[Category:Games]]
 [[Display title of::~g*]]
 [[:+]]
 |?Has release date=Release Date
 |?Has characters=Characters
 |?Has concepts=Concepts
 |?Has developers=Developers
 |?Has franchise=Franchise
 |?Has games=Games
 |?Has genres=Genres
 |?Has locations=Locations
 |?Has objects=Objects
 |?Has platforms=Platforms
 |?Has publishers=Publishers
 |?Has themes=Themes
 |mainlabel=Name
 |headers=plain
 |class=datatable
}}</text>
      <sha1>plqf85o6zrdgcjys7ixnq90yq1k3k8y</sha1>
    </revision>
  </page>
  <page>
    <title>Games H</title>
    <ns>0</ns>
    <id>425848</id>
    <revision>
      <id>426544</id>
      <parentid>426543</parentid>
      <timestamp>2025-10-22T01:01:41Z</timestamp>
      <contributor>
        <username>Giantbomb</username>
        <id>1</id>
      </contributor>
      <origin>426544</origin>
      <model>wikitext</model>
      <format>text/x-wiki</format>
      <text bytes="1354" sha1="bmm4g9zrhhf5e5y2uq01mk4i9n0omg6" xml:space="preserve">{| class="wikitable" align=center width=100%
! colspan=32 | Games
|- align=center
| '''[[Games_0-4|0-4]]
| '''[[Games_5-9|5-9]]
| '''[[Games_A|A]]
| '''[[Games_B|B]]
| '''[[Games_C|C]]
| '''[[Games_D|D]]
| '''[[Games_E|E]]
| '''[[Games_F|F]]
| '''[[Games_G|G]]
| '''[[Games_H|H]]
| '''[[Games_I|I]]
| '''[[Games_J|J]]
| '''[[Games_K|K]]
| '''[[Games_L|L]]
| '''[[Games_M|M]]
| '''[[Games_N|N]]
| '''[[Games_O|O]]
| '''[[Games_P|P]]
| '''[[Games_Q|Q]]
| '''[[Games_R|R]]
| '''[[Games_S|S]]
| '''[[Games_T|T]]
| '''[[Games_U|U]]
| '''[[Games_V|V]]
| '''[[Games_W|W]]
| '''[[Games_X|X]]
| '''[[Games_Y|Y]]
| '''[[Games_Z|Z]]
|}


{{Datatable styles}}
{{#ask:
 [[Category:Games]]
 [[Display title of::~H*]] OR 
 [[Category:Games]]
 [[Display title of::~h*]]
 [[:+]]
 |?Has release date=Release Date
 |?Has characters=Characters
 |?Has concepts=Concepts
 |?Has developers=Developers
 |?Has franchise=Franchise
 |?Has games=Games
 |?Has genres=Genres
 |?Has locations=Locations
 |?Has objects=Objects
 |?Has platforms=Platforms
 |?Has publishers=Publishers
 |?Has themes=Themes
 |mainlabel=Name
 |headers=plain
 |class=datatable
}}</text>
      <sha1>bmm4g9zrhhf5e5y2uq01mk4i9n0omg6</sha1>
    </revision>
  </page>
  <page>
    <title>Games I</title>
    <ns>0</ns>
    <id>425849</id>
    <revision>
      <id>426552</id>
      <parentid>426519</parentid>
      <timestamp>2025-10-22T01:06:09Z</timestamp>
      <contributor>
        <username>Giantbomb</username>
        <id>1</id>
      </contributor>
      <origin>426552</origin>
      <model>wikitext</model>
      <format>text/x-wiki</format>
      <text bytes="1354" sha1="2z8vupytka9mdlge7n1m4froexfvde2" xml:space="preserve">{| class="wikitable" align=center width=100%
! colspan=32 | Games
|- align=center
| '''[[Games_0-4|0-4]]
| '''[[Games_5-9|5-9]]
| '''[[Games_A|A]]
| '''[[Games_B|B]]
| '''[[Games_C|C]]
| '''[[Games_D|D]]
| '''[[Games_E|E]]
| '''[[Games_F|F]]
| '''[[Games_G|G]]
| '''[[Games_H|H]]
| '''[[Games_I|I]]
| '''[[Games_J|J]]
| '''[[Games_K|K]]
| '''[[Games_L|L]]
| '''[[Games_M|M]]
| '''[[Games_N|N]]
| '''[[Games_O|O]]
| '''[[Games_P|P]]
| '''[[Games_Q|Q]]
| '''[[Games_R|R]]
| '''[[Games_S|S]]
| '''[[Games_T|T]]
| '''[[Games_U|U]]
| '''[[Games_V|V]]
| '''[[Games_W|W]]
| '''[[Games_X|X]]
| '''[[Games_Y|Y]]
| '''[[Games_Z|Z]]
|}


{{Datatable styles}}
{{#ask:
 [[Category:Games]]
 [[Display title of::~I*]] OR 
 [[Category:Games]]
 [[Display title of::~i*]]
 [[:+]]
 |?Has release date=Release Date
 |?Has characters=Characters
 |?Has concepts=Concepts
 |?Has developers=Developers
 |?Has franchise=Franchise
 |?Has games=Games
 |?Has genres=Genres
 |?Has locations=Locations
 |?Has objects=Objects
 |?Has platforms=Platforms
 |?Has publishers=Publishers
 |?Has themes=Themes
 |mainlabel=Name
 |headers=plain
 |class=datatable
}}</text>
      <sha1>2z8vupytka9mdlge7n1m4froexfvde2</sha1>
    </revision>
  </page>
  <page>
    <title>Games J</title>
    <ns>0</ns>
    <id>425850</id>
    <revision>
      <id>426553</id>
      <parentid>426520</parentid>
      <timestamp>2025-10-22T01:06:20Z</timestamp>
      <contributor>
        <username>Giantbomb</username>
        <id>1</id>
      </contributor>
      <origin>426553</origin>
      <model>wikitext</model>
      <format>text/x-wiki</format>
      <text bytes="1354" sha1="0v4cdw98nx4k5u3dd9esw6wp4lvaxs2" xml:space="preserve">{| class="wikitable" align=center width=100%
! colspan=32 | Games
|- align=center
| '''[[Games_0-4|0-4]]
| '''[[Games_5-9|5-9]]
| '''[[Games_A|A]]
| '''[[Games_B|B]]
| '''[[Games_C|C]]
| '''[[Games_D|D]]
| '''[[Games_E|E]]
| '''[[Games_F|F]]
| '''[[Games_G|G]]
| '''[[Games_H|H]]
| '''[[Games_I|I]]
| '''[[Games_J|J]]
| '''[[Games_K|K]]
| '''[[Games_L|L]]
| '''[[Games_M|M]]
| '''[[Games_N|N]]
| '''[[Games_O|O]]
| '''[[Games_P|P]]
| '''[[Games_Q|Q]]
| '''[[Games_R|R]]
| '''[[Games_S|S]]
| '''[[Games_T|T]]
| '''[[Games_U|U]]
| '''[[Games_V|V]]
| '''[[Games_W|W]]
| '''[[Games_X|X]]
| '''[[Games_Y|Y]]
| '''[[Games_Z|Z]]
|}


{{Datatable styles}}
{{#ask:
 [[Category:Games]]
 [[Display title of::~J*]] OR 
 [[Category:Games]]
 [[Display title of::~j*]]
 [[:+]]
 |?Has release date=Release Date
 |?Has characters=Characters
 |?Has concepts=Concepts
 |?Has developers=Developers
 |?Has franchise=Franchise
 |?Has games=Games
 |?Has genres=Genres
 |?Has locations=Locations
 |?Has objects=Objects
 |?Has platforms=Platforms
 |?Has publishers=Publishers
 |?Has themes=Themes
 |mainlabel=Name
 |headers=plain
 |class=datatable
}}</text>
      <sha1>0v4cdw98nx4k5u3dd9esw6wp4lvaxs2</sha1>
    </revision>
  </page>
  <page>
    <title>Games K</title>
    <ns>0</ns>
    <id>425851</id>
    <revision>
      <id>426554</id>
      <parentid>426521</parentid>
      <timestamp>2025-10-22T01:06:34Z</timestamp>
      <contributor>
        <username>Giantbomb</username>
        <id>1</id>
      </contributor>
      <origin>426554</origin>
      <model>wikitext</model>
      <format>text/x-wiki</format>
      <text bytes="1354" sha1="l8pvrmnq3p9tm4800578bo112g7oq04" xml:space="preserve">{| class="wikitable" align=center width=100%
! colspan=32 | Games
|- align=center
| '''[[Games_0-4|0-4]]
| '''[[Games_5-9|5-9]]
| '''[[Games_A|A]]
| '''[[Games_B|B]]
| '''[[Games_C|C]]
| '''[[Games_D|D]]
| '''[[Games_E|E]]
| '''[[Games_F|F]]
| '''[[Games_G|G]]
| '''[[Games_H|H]]
| '''[[Games_I|I]]
| '''[[Games_J|J]]
| '''[[Games_K|K]]
| '''[[Games_L|L]]
| '''[[Games_M|M]]
| '''[[Games_N|N]]
| '''[[Games_O|O]]
| '''[[Games_P|P]]
| '''[[Games_Q|Q]]
| '''[[Games_R|R]]
| '''[[Games_S|S]]
| '''[[Games_T|T]]
| '''[[Games_U|U]]
| '''[[Games_V|V]]
| '''[[Games_W|W]]
| '''[[Games_X|X]]
| '''[[Games_Y|Y]]
| '''[[Games_Z|Z]]
|}


{{Datatable styles}}
{{#ask:
 [[Category:Games]]
 [[Display title of::~K*]] OR 
 [[Category:Games]]
 [[Display title of::~k*]]
 [[:+]]
 |?Has release date=Release Date
 |?Has characters=Characters
 |?Has concepts=Concepts
 |?Has developers=Developers
 |?Has franchise=Franchise
 |?Has games=Games
 |?Has genres=Genres
 |?Has locations=Locations
 |?Has objects=Objects
 |?Has platforms=Platforms
 |?Has publishers=Publishers
 |?Has themes=Themes
 |mainlabel=Name
 |headers=plain
 |class=datatable
}}</text>
      <sha1>l8pvrmnq3p9tm4800578bo112g7oq04</sha1>
    </revision>
  </page>
  <page>
    <title>Games L</title>
    <ns>0</ns>
    <id>425852</id>
    <revision>
      <id>426555</id>
      <parentid>426522</parentid>
      <timestamp>2025-10-22T01:06:47Z</timestamp>
      <contributor>
        <username>Giantbomb</username>
        <id>1</id>
      </contributor>
      <origin>426555</origin>
      <model>wikitext</model>
      <format>text/x-wiki</format>
      <text bytes="1354" sha1="3qgtyct2t6hk1t3093d6jsbf9z61b8q" xml:space="preserve">{| class="wikitable" align=center width=100%
! colspan=32 | Games
|- align=center
| '''[[Games_0-4|0-4]]
| '''[[Games_5-9|5-9]]
| '''[[Games_A|A]]
| '''[[Games_B|B]]
| '''[[Games_C|C]]
| '''[[Games_D|D]]
| '''[[Games_E|E]]
| '''[[Games_F|F]]
| '''[[Games_G|G]]
| '''[[Games_H|H]]
| '''[[Games_I|I]]
| '''[[Games_J|J]]
| '''[[Games_K|K]]
| '''[[Games_L|L]]
| '''[[Games_M|M]]
| '''[[Games_N|N]]
| '''[[Games_O|O]]
| '''[[Games_P|P]]
| '''[[Games_Q|Q]]
| '''[[Games_R|R]]
| '''[[Games_S|S]]
| '''[[Games_T|T]]
| '''[[Games_U|U]]
| '''[[Games_V|V]]
| '''[[Games_W|W]]
| '''[[Games_X|X]]
| '''[[Games_Y|Y]]
| '''[[Games_Z|Z]]
|}


{{Datatable styles}}
{{#ask:
 [[Category:Games]]
 [[Display title of::~L*]] OR 
 [[Category:Games]]
 [[Display title of::~l*]]
 [[:+]]
 |?Has release date=Release Date
 |?Has characters=Characters
 |?Has concepts=Concepts
 |?Has developers=Developers
 |?Has franchise=Franchise
 |?Has games=Games
 |?Has genres=Genres
 |?Has locations=Locations
 |?Has objects=Objects
 |?Has platforms=Platforms
 |?Has publishers=Publishers
 |?Has themes=Themes
 |mainlabel=Name
 |headers=plain
 |class=datatable
}}</text>
      <sha1>3qgtyct2t6hk1t3093d6jsbf9z61b8q</sha1>
    </revision>
  </page>
  <page>
    <title>Games M</title>
    <ns>0</ns>
    <id>425853</id>
    <revision>
      <id>426556</id>
      <parentid>426523</parentid>
      <timestamp>2025-10-22T01:06:59Z</timestamp>
      <contributor>
        <username>Giantbomb</username>
        <id>1</id>
      </contributor>
      <origin>426556</origin>
      <model>wikitext</model>
      <format>text/x-wiki</format>
      <text bytes="1354" sha1="khh3f5cr0au2dlbs5z50pj27fxrt9bd" xml:space="preserve">{| class="wikitable" align=center width=100%
! colspan=32 | Games
|- align=center
| '''[[Games_0-4|0-4]]
| '''[[Games_5-9|5-9]]
| '''[[Games_A|A]]
| '''[[Games_B|B]]
| '''[[Games_C|C]]
| '''[[Games_D|D]]
| '''[[Games_E|E]]
| '''[[Games_F|F]]
| '''[[Games_G|G]]
| '''[[Games_H|H]]
| '''[[Games_I|I]]
| '''[[Games_J|J]]
| '''[[Games_K|K]]
| '''[[Games_L|L]]
| '''[[Games_M|M]]
| '''[[Games_N|N]]
| '''[[Games_O|O]]
| '''[[Games_P|P]]
| '''[[Games_Q|Q]]
| '''[[Games_R|R]]
| '''[[Games_S|S]]
| '''[[Games_T|T]]
| '''[[Games_U|U]]
| '''[[Games_V|V]]
| '''[[Games_W|W]]
| '''[[Games_X|X]]
| '''[[Games_Y|Y]]
| '''[[Games_Z|Z]]
|}


{{Datatable styles}}
{{#ask:
 [[Category:Games]]
 [[Display title of::~M*]] OR 
 [[Category:Games]]
 [[Display title of::~m*]]
 [[:+]]
 |?Has release date=Release Date
 |?Has characters=Characters
 |?Has concepts=Concepts
 |?Has developers=Developers
 |?Has franchise=Franchise
 |?Has games=Games
 |?Has genres=Genres
 |?Has locations=Locations
 |?Has objects=Objects
 |?Has platforms=Platforms
 |?Has publishers=Publishers
 |?Has themes=Themes
 |mainlabel=Name
 |headers=plain
 |class=datatable
}}</text>
      <sha1>khh3f5cr0au2dlbs5z50pj27fxrt9bd</sha1>
    </revision>
  </page>
  <page>
    <title>Games N</title>
    <ns>0</ns>
    <id>425854</id>
    <revision>
      <id>426557</id>
      <parentid>426524</parentid>
      <timestamp>2025-10-22T01:07:09Z</timestamp>
      <contributor>
        <username>Giantbomb</username>
        <id>1</id>
      </contributor>
      <origin>426557</origin>
      <model>wikitext</model>
      <format>text/x-wiki</format>
      <text bytes="1354" sha1="rli2153pzg3xgkw9c9j1c8gbr6uuv29" xml:space="preserve">{| class="wikitable" align=center width=100%
! colspan=32 | Games
|- align=center
| '''[[Games_0-4|0-4]]
| '''[[Games_5-9|5-9]]
| '''[[Games_A|A]]
| '''[[Games_B|B]]
| '''[[Games_C|C]]
| '''[[Games_D|D]]
| '''[[Games_E|E]]
| '''[[Games_F|F]]
| '''[[Games_G|G]]
| '''[[Games_H|H]]
| '''[[Games_I|I]]
| '''[[Games_J|J]]
| '''[[Games_K|K]]
| '''[[Games_L|L]]
| '''[[Games_M|M]]
| '''[[Games_N|N]]
| '''[[Games_O|O]]
| '''[[Games_P|P]]
| '''[[Games_Q|Q]]
| '''[[Games_R|R]]
| '''[[Games_S|S]]
| '''[[Games_T|T]]
| '''[[Games_U|U]]
| '''[[Games_V|V]]
| '''[[Games_W|W]]
| '''[[Games_X|X]]
| '''[[Games_Y|Y]]
| '''[[Games_Z|Z]]
|}


{{Datatable styles}}
{{#ask:
 [[Category:Games]]
 [[Display title of::~N*]] OR 
 [[Category:Games]]
 [[Display title of::~n*]]
 [[:+]]
 |?Has release date=Release Date
 |?Has characters=Characters
 |?Has concepts=Concepts
 |?Has developers=Developers
 |?Has franchise=Franchise
 |?Has games=Games
 |?Has genres=Genres
 |?Has locations=Locations
 |?Has objects=Objects
 |?Has platforms=Platforms
 |?Has publishers=Publishers
 |?Has themes=Themes
 |mainlabel=Name
 |headers=plain
 |class=datatable
}}</text>
      <sha1>rli2153pzg3xgkw9c9j1c8gbr6uuv29</sha1>
    </revision>
  </page>
  <page>
    <title>Games O</title>
    <ns>0</ns>
    <id>425855</id>
    <revision>
      <id>426558</id>
      <parentid>426525</parentid>
      <timestamp>2025-10-22T01:07:20Z</timestamp>
      <contributor>
        <username>Giantbomb</username>
        <id>1</id>
      </contributor>
      <origin>426558</origin>
      <model>wikitext</model>
      <format>text/x-wiki</format>
      <text bytes="1354" sha1="lfvsrpp2aihlxro0qdsgojdnw7pepym" xml:space="preserve">{| class="wikitable" align=center width=100%
! colspan=32 | Games
|- align=center
| '''[[Games_0-4|0-4]]
| '''[[Games_5-9|5-9]]
| '''[[Games_A|A]]
| '''[[Games_B|B]]
| '''[[Games_C|C]]
| '''[[Games_D|D]]
| '''[[Games_E|E]]
| '''[[Games_F|F]]
| '''[[Games_G|G]]
| '''[[Games_H|H]]
| '''[[Games_I|I]]
| '''[[Games_J|J]]
| '''[[Games_K|K]]
| '''[[Games_L|L]]
| '''[[Games_M|M]]
| '''[[Games_N|N]]
| '''[[Games_O|O]]
| '''[[Games_P|P]]
| '''[[Games_Q|Q]]
| '''[[Games_R|R]]
| '''[[Games_S|S]]
| '''[[Games_T|T]]
| '''[[Games_U|U]]
| '''[[Games_V|V]]
| '''[[Games_W|W]]
| '''[[Games_X|X]]
| '''[[Games_Y|Y]]
| '''[[Games_Z|Z]]
|}


{{Datatable styles}}
{{#ask:
 [[Category:Games]]
 [[Display title of::~O*]] OR 
 [[Category:Games]]
 [[Display title of::~o*]]
 [[:+]]
 |?Has release date=Release Date
 |?Has characters=Characters
 |?Has concepts=Concepts
 |?Has developers=Developers
 |?Has franchise=Franchise
 |?Has games=Games
 |?Has genres=Genres
 |?Has locations=Locations
 |?Has objects=Objects
 |?Has platforms=Platforms
 |?Has publishers=Publishers
 |?Has themes=Themes
 |mainlabel=Name
 |headers=plain
 |class=datatable
}}</text>
      <sha1>lfvsrpp2aihlxro0qdsgojdnw7pepym</sha1>
    </revision>
  </page>
  <page>
    <title>Games P</title>
    <ns>0</ns>
    <id>425856</id>
    <revision>
      <id>426559</id>
      <parentid>426526</parentid>
      <timestamp>2025-10-22T01:07:29Z</timestamp>
      <contributor>
        <username>Giantbomb</username>
        <id>1</id>
      </contributor>
      <origin>426559</origin>
      <model>wikitext</model>
      <format>text/x-wiki</format>
      <text bytes="1354" sha1="8n5jj4dleh3w59bqnklxvx4km632wg9" xml:space="preserve">{| class="wikitable" align=center width=100%
! colspan=32 | Games
|- align=center
| '''[[Games_0-4|0-4]]
| '''[[Games_5-9|5-9]]
| '''[[Games_A|A]]
| '''[[Games_B|B]]
| '''[[Games_C|C]]
| '''[[Games_D|D]]
| '''[[Games_E|E]]
| '''[[Games_F|F]]
| '''[[Games_G|G]]
| '''[[Games_H|H]]
| '''[[Games_I|I]]
| '''[[Games_J|J]]
| '''[[Games_K|K]]
| '''[[Games_L|L]]
| '''[[Games_M|M]]
| '''[[Games_N|N]]
| '''[[Games_O|O]]
| '''[[Games_P|P]]
| '''[[Games_Q|Q]]
| '''[[Games_R|R]]
| '''[[Games_S|S]]
| '''[[Games_T|T]]
| '''[[Games_U|U]]
| '''[[Games_V|V]]
| '''[[Games_W|W]]
| '''[[Games_X|X]]
| '''[[Games_Y|Y]]
| '''[[Games_Z|Z]]
|}


{{Datatable styles}}
{{#ask:
 [[Category:Games]]
 [[Display title of::~P*]] OR 
 [[Category:Games]]
 [[Display title of::~p*]]
 [[:+]]
 |?Has release date=Release Date
 |?Has characters=Characters
 |?Has concepts=Concepts
 |?Has developers=Developers
 |?Has franchise=Franchise
 |?Has games=Games
 |?Has genres=Genres
 |?Has locations=Locations
 |?Has objects=Objects
 |?Has platforms=Platforms
 |?Has publishers=Publishers
 |?Has themes=Themes
 |mainlabel=Name
 |headers=plain
 |class=datatable
}}</text>
      <sha1>8n5jj4dleh3w59bqnklxvx4km632wg9</sha1>
    </revision>
  </page>
  <page>
    <title>Games Q</title>
    <ns>0</ns>
    <id>425857</id>
    <revision>
      <id>426560</id>
      <parentid>426527</parentid>
      <timestamp>2025-10-22T01:07:43Z</timestamp>
      <contributor>
        <username>Giantbomb</username>
        <id>1</id>
      </contributor>
      <origin>426560</origin>
      <model>wikitext</model>
      <format>text/x-wiki</format>
      <text bytes="1354" sha1="oax762l9omg4bf8vyz1z6gr0a8tnyzi" xml:space="preserve">{| class="wikitable" align=center width=100%
! colspan=32 | Games
|- align=center
| '''[[Games_0-4|0-4]]
| '''[[Games_5-9|5-9]]
| '''[[Games_A|A]]
| '''[[Games_B|B]]
| '''[[Games_C|C]]
| '''[[Games_D|D]]
| '''[[Games_E|E]]
| '''[[Games_F|F]]
| '''[[Games_G|G]]
| '''[[Games_H|H]]
| '''[[Games_I|I]]
| '''[[Games_J|J]]
| '''[[Games_K|K]]
| '''[[Games_L|L]]
| '''[[Games_M|M]]
| '''[[Games_N|N]]
| '''[[Games_O|O]]
| '''[[Games_P|P]]
| '''[[Games_Q|Q]]
| '''[[Games_R|R]]
| '''[[Games_S|S]]
| '''[[Games_T|T]]
| '''[[Games_U|U]]
| '''[[Games_V|V]]
| '''[[Games_W|W]]
| '''[[Games_X|X]]
| '''[[Games_Y|Y]]
| '''[[Games_Z|Z]]
|}


{{Datatable styles}}
{{#ask:
 [[Category:Games]]
 [[Display title of::~Q*]] OR 
 [[Category:Games]]
 [[Display title of::~q*]]
 [[:+]]
 |?Has release date=Release Date
 |?Has characters=Characters
 |?Has concepts=Concepts
 |?Has developers=Developers
 |?Has franchise=Franchise
 |?Has games=Games
 |?Has genres=Genres
 |?Has locations=Locations
 |?Has objects=Objects
 |?Has platforms=Platforms
 |?Has publishers=Publishers
 |?Has themes=Themes
 |mainlabel=Name
 |headers=plain
 |class=datatable
}}</text>
      <sha1>oax762l9omg4bf8vyz1z6gr0a8tnyzi</sha1>
    </revision>
  </page>
  <page>
    <title>Games R</title>
    <ns>0</ns>
    <id>425858</id>
    <revision>
      <id>426561</id>
      <parentid>426528</parentid>
      <timestamp>2025-10-22T01:07:54Z</timestamp>
      <contributor>
        <username>Giantbomb</username>
        <id>1</id>
      </contributor>
      <origin>426561</origin>
      <model>wikitext</model>
      <format>text/x-wiki</format>
      <text bytes="1354" sha1="are1elmfd6uw5ghm4646c7itvwz03xo" xml:space="preserve">{| class="wikitable" align=center width=100%
! colspan=32 | Games
|- align=center
| '''[[Games_0-4|0-4]]
| '''[[Games_5-9|5-9]]
| '''[[Games_A|A]]
| '''[[Games_B|B]]
| '''[[Games_C|C]]
| '''[[Games_D|D]]
| '''[[Games_E|E]]
| '''[[Games_F|F]]
| '''[[Games_G|G]]
| '''[[Games_H|H]]
| '''[[Games_I|I]]
| '''[[Games_J|J]]
| '''[[Games_K|K]]
| '''[[Games_L|L]]
| '''[[Games_M|M]]
| '''[[Games_N|N]]
| '''[[Games_O|O]]
| '''[[Games_P|P]]
| '''[[Games_Q|Q]]
| '''[[Games_R|R]]
| '''[[Games_S|S]]
| '''[[Games_T|T]]
| '''[[Games_U|U]]
| '''[[Games_V|V]]
| '''[[Games_W|W]]
| '''[[Games_X|X]]
| '''[[Games_Y|Y]]
| '''[[Games_Z|Z]]
|}


{{Datatable styles}}
{{#ask:
 [[Category:Games]]
 [[Display title of::~R*]] OR 
 [[Category:Games]]
 [[Display title of::~r*]]
 [[:+]]
 |?Has release date=Release Date
 |?Has characters=Characters
 |?Has concepts=Concepts
 |?Has developers=Developers
 |?Has franchise=Franchise
 |?Has games=Games
 |?Has genres=Genres
 |?Has locations=Locations
 |?Has objects=Objects
 |?Has platforms=Platforms
 |?Has publishers=Publishers
 |?Has themes=Themes
 |mainlabel=Name
 |headers=plain
 |class=datatable
}}</text>
      <sha1>are1elmfd6uw5ghm4646c7itvwz03xo</sha1>
    </revision>
  </page>
  <page>
    <title>Games S</title>
    <ns>0</ns>
    <id>425859</id>
    <revision>
      <id>426562</id>
      <parentid>426529</parentid>
      <timestamp>2025-10-22T01:08:04Z</timestamp>
      <contributor>
        <username>Giantbomb</username>
        <id>1</id>
      </contributor>
      <origin>426562</origin>
      <model>wikitext</model>
      <format>text/x-wiki</format>
      <text bytes="1354" sha1="k62l0mlytj49d87obg81kldzulsachv" xml:space="preserve">{| class="wikitable" align=center width=100%
! colspan=32 | Games
|- align=center
| '''[[Games_0-4|0-4]]
| '''[[Games_5-9|5-9]]
| '''[[Games_A|A]]
| '''[[Games_B|B]]
| '''[[Games_C|C]]
| '''[[Games_D|D]]
| '''[[Games_E|E]]
| '''[[Games_F|F]]
| '''[[Games_G|G]]
| '''[[Games_H|H]]
| '''[[Games_I|I]]
| '''[[Games_J|J]]
| '''[[Games_K|K]]
| '''[[Games_L|L]]
| '''[[Games_M|M]]
| '''[[Games_N|N]]
| '''[[Games_O|O]]
| '''[[Games_P|P]]
| '''[[Games_Q|Q]]
| '''[[Games_R|R]]
| '''[[Games_S|S]]
| '''[[Games_T|T]]
| '''[[Games_U|U]]
| '''[[Games_V|V]]
| '''[[Games_W|W]]
| '''[[Games_X|X]]
| '''[[Games_Y|Y]]
| '''[[Games_Z|Z]]
|}


{{Datatable styles}}
{{#ask:
 [[Category:Games]]
 [[Display title of::~S*]] OR 
 [[Category:Games]]
 [[Display title of::~s*]]
 [[:+]]
 |?Has release date=Release Date
 |?Has characters=Characters
 |?Has concepts=Concepts
 |?Has developers=Developers
 |?Has franchise=Franchise
 |?Has games=Games
 |?Has genres=Genres
 |?Has locations=Locations
 |?Has objects=Objects
 |?Has platforms=Platforms
 |?Has publishers=Publishers
 |?Has themes=Themes
 |mainlabel=Name
 |headers=plain
 |class=datatable
}}</text>
      <sha1>k62l0mlytj49d87obg81kldzulsachv</sha1>
    </revision>
  </page>
  <page>
    <title>Games T</title>
    <ns>0</ns>
    <id>425860</id>
    <revision>
      <id>426563</id>
      <parentid>426530</parentid>
      <timestamp>2025-10-22T01:08:15Z</timestamp>
      <contributor>
        <username>Giantbomb</username>
        <id>1</id>
      </contributor>
      <origin>426563</origin>
      <model>wikitext</model>
      <format>text/x-wiki</format>
      <text bytes="1354" sha1="stf4g1b18lhf1k7jw3wh4a5wedsh92n" xml:space="preserve">{| class="wikitable" align=center width=100%
! colspan=32 | Games
|- align=center
| '''[[Games_0-4|0-4]]
| '''[[Games_5-9|5-9]]
| '''[[Games_A|A]]
| '''[[Games_B|B]]
| '''[[Games_C|C]]
| '''[[Games_D|D]]
| '''[[Games_E|E]]
| '''[[Games_F|F]]
| '''[[Games_G|G]]
| '''[[Games_H|H]]
| '''[[Games_I|I]]
| '''[[Games_J|J]]
| '''[[Games_K|K]]
| '''[[Games_L|L]]
| '''[[Games_M|M]]
| '''[[Games_N|N]]
| '''[[Games_O|O]]
| '''[[Games_P|P]]
| '''[[Games_Q|Q]]
| '''[[Games_R|R]]
| '''[[Games_S|S]]
| '''[[Games_T|T]]
| '''[[Games_U|U]]
| '''[[Games_V|V]]
| '''[[Games_W|W]]
| '''[[Games_X|X]]
| '''[[Games_Y|Y]]
| '''[[Games_Z|Z]]
|}


{{Datatable styles}}
{{#ask:
 [[Category:Games]]
 [[Display title of::~T*]] OR 
 [[Category:Games]]
 [[Display title of::~t*]]
 [[:+]]
 |?Has release date=Release Date
 |?Has characters=Characters
 |?Has concepts=Concepts
 |?Has developers=Developers
 |?Has franchise=Franchise
 |?Has games=Games
 |?Has genres=Genres
 |?Has locations=Locations
 |?Has objects=Objects
 |?Has platforms=Platforms
 |?Has publishers=Publishers
 |?Has themes=Themes
 |mainlabel=Name
 |headers=plain
 |class=datatable
}}</text>
      <sha1>stf4g1b18lhf1k7jw3wh4a5wedsh92n</sha1>
    </revision>
  </page>
  <page>
    <title>Games U</title>
    <ns>0</ns>
    <id>425861</id>
    <revision>
      <id>426564</id>
      <parentid>426531</parentid>
      <timestamp>2025-10-22T01:08:27Z</timestamp>
      <contributor>
        <username>Giantbomb</username>
        <id>1</id>
      </contributor>
      <origin>426564</origin>
      <model>wikitext</model>
      <format>text/x-wiki</format>
      <text bytes="1354" sha1="fze1pnqa6a6jss1nmyo6c32znbpf53j" xml:space="preserve">{| class="wikitable" align=center width=100%
! colspan=32 | Games
|- align=center
| '''[[Games_0-4|0-4]]
| '''[[Games_5-9|5-9]]
| '''[[Games_A|A]]
| '''[[Games_B|B]]
| '''[[Games_C|C]]
| '''[[Games_D|D]]
| '''[[Games_E|E]]
| '''[[Games_F|F]]
| '''[[Games_G|G]]
| '''[[Games_H|H]]
| '''[[Games_I|I]]
| '''[[Games_J|J]]
| '''[[Games_K|K]]
| '''[[Games_L|L]]
| '''[[Games_M|M]]
| '''[[Games_N|N]]
| '''[[Games_O|O]]
| '''[[Games_P|P]]
| '''[[Games_Q|Q]]
| '''[[Games_R|R]]
| '''[[Games_S|S]]
| '''[[Games_T|T]]
| '''[[Games_U|U]]
| '''[[Games_V|V]]
| '''[[Games_W|W]]
| '''[[Games_X|X]]
| '''[[Games_Y|Y]]
| '''[[Games_Z|Z]]
|}


{{Datatable styles}}
{{#ask:
 [[Category:Games]]
 [[Display title of::~U*]] OR 
 [[Category:Games]]
 [[Display title of::~u*]]
 [[:+]]
 |?Has release date=Release Date
 |?Has characters=Characters
 |?Has concepts=Concepts
 |?Has developers=Developers
 |?Has franchise=Franchise
 |?Has games=Games
 |?Has genres=Genres
 |?Has locations=Locations
 |?Has objects=Objects
 |?Has platforms=Platforms
 |?Has publishers=Publishers
 |?Has themes=Themes
 |mainlabel=Name
 |headers=plain
 |class=datatable
}}</text>
      <sha1>fze1pnqa6a6jss1nmyo6c32znbpf53j</sha1>
    </revision>
  </page>
  <page>
    <title>Games V</title>
    <ns>0</ns>
    <id>425862</id>
    <revision>
      <id>426565</id>
      <parentid>426532</parentid>
      <timestamp>2025-10-22T01:08:37Z</timestamp>
      <contributor>
        <username>Giantbomb</username>
        <id>1</id>
      </contributor>
      <origin>426565</origin>
      <model>wikitext</model>
      <format>text/x-wiki</format>
      <text bytes="1354" sha1="d8nfxz74u2cj9zdp6l3bsufso8ibroy" xml:space="preserve">{| class="wikitable" align=center width=100%
! colspan=32 | Games
|- align=center
| '''[[Games_0-4|0-4]]
| '''[[Games_5-9|5-9]]
| '''[[Games_A|A]]
| '''[[Games_B|B]]
| '''[[Games_C|C]]
| '''[[Games_D|D]]
| '''[[Games_E|E]]
| '''[[Games_F|F]]
| '''[[Games_G|G]]
| '''[[Games_H|H]]
| '''[[Games_I|I]]
| '''[[Games_J|J]]
| '''[[Games_K|K]]
| '''[[Games_L|L]]
| '''[[Games_M|M]]
| '''[[Games_N|N]]
| '''[[Games_O|O]]
| '''[[Games_P|P]]
| '''[[Games_Q|Q]]
| '''[[Games_R|R]]
| '''[[Games_S|S]]
| '''[[Games_T|T]]
| '''[[Games_U|U]]
| '''[[Games_V|V]]
| '''[[Games_W|W]]
| '''[[Games_X|X]]
| '''[[Games_Y|Y]]
| '''[[Games_Z|Z]]
|}


{{Datatable styles}}
{{#ask:
 [[Category:Games]]
 [[Display title of::~V*]] OR 
 [[Category:Games]]
 [[Display title of::~v*]]
 [[:+]]
 |?Has release date=Release Date
 |?Has characters=Characters
 |?Has concepts=Concepts
 |?Has developers=Developers
 |?Has franchise=Franchise
 |?Has games=Games
 |?Has genres=Genres
 |?Has locations=Locations
 |?Has objects=Objects
 |?Has platforms=Platforms
 |?Has publishers=Publishers
 |?Has themes=Themes
 |mainlabel=Name
 |headers=plain
 |class=datatable
}}</text>
      <sha1>d8nfxz74u2cj9zdp6l3bsufso8ibroy</sha1>
    </revision>
  </page>
  <page>
    <title>Games W</title>
    <ns>0</ns>
    <id>425863</id>
    <revision>
      <id>426566</id>
      <parentid>426533</parentid>
      <timestamp>2025-10-22T01:08:48Z</timestamp>
      <contributor>
        <username>Giantbomb</username>
        <id>1</id>
      </contributor>
      <origin>426566</origin>
      <model>wikitext</model>
      <format>text/x-wiki</format>
      <text bytes="1354" sha1="kcqg4m3uivoemxmqd9pdwng3471w8ab" xml:space="preserve">{| class="wikitable" align=center width=100%
! colspan=32 | Games
|- align=center
| '''[[Games_0-4|0-4]]
| '''[[Games_5-9|5-9]]
| '''[[Games_A|A]]
| '''[[Games_B|B]]
| '''[[Games_C|C]]
| '''[[Games_D|D]]
| '''[[Games_E|E]]
| '''[[Games_F|F]]
| '''[[Games_G|G]]
| '''[[Games_H|H]]
| '''[[Games_I|I]]
| '''[[Games_J|J]]
| '''[[Games_K|K]]
| '''[[Games_L|L]]
| '''[[Games_M|M]]
| '''[[Games_N|N]]
| '''[[Games_O|O]]
| '''[[Games_P|P]]
| '''[[Games_Q|Q]]
| '''[[Games_R|R]]
| '''[[Games_S|S]]
| '''[[Games_T|T]]
| '''[[Games_U|U]]
| '''[[Games_V|V]]
| '''[[Games_W|W]]
| '''[[Games_X|X]]
| '''[[Games_Y|Y]]
| '''[[Games_Z|Z]]
|}


{{Datatable styles}}
{{#ask:
 [[Category:Games]]
 [[Display title of::~W*]] OR 
 [[Category:Games]]
 [[Display title of::~w*]]
 [[:+]]
 |?Has release date=Release Date
 |?Has characters=Characters
 |?Has concepts=Concepts
 |?Has developers=Developers
 |?Has franchise=Franchise
 |?Has games=Games
 |?Has genres=Genres
 |?Has locations=Locations
 |?Has objects=Objects
 |?Has platforms=Platforms
 |?Has publishers=Publishers
 |?Has themes=Themes
 |mainlabel=Name
 |headers=plain
 |class=datatable
}}</text>
      <sha1>kcqg4m3uivoemxmqd9pdwng3471w8ab</sha1>
    </revision>
  </page>
  <page>
    <title>Games X</title>
    <ns>0</ns>
    <id>425864</id>
    <revision>
      <id>426567</id>
      <parentid>426534</parentid>
      <timestamp>2025-10-22T01:08:58Z</timestamp>
      <contributor>
        <username>Giantbomb</username>
        <id>1</id>
      </contributor>
      <origin>426567</origin>
      <model>wikitext</model>
      <format>text/x-wiki</format>
      <text bytes="1354" sha1="rkjr1mlgr893osjmfd2yqlifu8krkfx" xml:space="preserve">{| class="wikitable" align=center width=100%
! colspan=32 | Games
|- align=center
| '''[[Games_0-4|0-4]]
| '''[[Games_5-9|5-9]]
| '''[[Games_A|A]]
| '''[[Games_B|B]]
| '''[[Games_C|C]]
| '''[[Games_D|D]]
| '''[[Games_E|E]]
| '''[[Games_F|F]]
| '''[[Games_G|G]]
| '''[[Games_H|H]]
| '''[[Games_I|I]]
| '''[[Games_J|J]]
| '''[[Games_K|K]]
| '''[[Games_L|L]]
| '''[[Games_M|M]]
| '''[[Games_N|N]]
| '''[[Games_O|O]]
| '''[[Games_P|P]]
| '''[[Games_Q|Q]]
| '''[[Games_R|R]]
| '''[[Games_S|S]]
| '''[[Games_T|T]]
| '''[[Games_U|U]]
| '''[[Games_V|V]]
| '''[[Games_W|W]]
| '''[[Games_X|X]]
| '''[[Games_Y|Y]]
| '''[[Games_Z|Z]]
|}


{{Datatable styles}}
{{#ask:
 [[Category:Games]]
 [[Display title of::~X*]] OR 
 [[Category:Games]]
 [[Display title of::~x*]]
 [[:+]]
 |?Has release date=Release Date
 |?Has characters=Characters
 |?Has concepts=Concepts
 |?Has developers=Developers
 |?Has franchise=Franchise
 |?Has games=Games
 |?Has genres=Genres
 |?Has locations=Locations
 |?Has objects=Objects
 |?Has platforms=Platforms
 |?Has publishers=Publishers
 |?Has themes=Themes
 |mainlabel=Name
 |headers=plain
 |class=datatable
}}</text>
      <sha1>rkjr1mlgr893osjmfd2yqlifu8krkfx</sha1>
    </revision>
  </page>
  <page>
    <title>Games Y</title>
    <ns>0</ns>
    <id>425865</id>
    <revision>
      <id>426568</id>
      <parentid>426535</parentid>
      <timestamp>2025-10-22T01:09:07Z</timestamp>
      <contributor>
        <username>Giantbomb</username>
        <id>1</id>
      </contributor>
      <origin>426568</origin>
      <model>wikitext</model>
      <format>text/x-wiki</format>
      <text bytes="1354" sha1="rc1tq4yria28p3rgw4zjwy7cxazal48" xml:space="preserve">{| class="wikitable" align=center width=100%
! colspan=32 | Games
|- align=center
| '''[[Games_0-4|0-4]]
| '''[[Games_5-9|5-9]]
| '''[[Games_A|A]]
| '''[[Games_B|B]]
| '''[[Games_C|C]]
| '''[[Games_D|D]]
| '''[[Games_E|E]]
| '''[[Games_F|F]]
| '''[[Games_G|G]]
| '''[[Games_H|H]]
| '''[[Games_I|I]]
| '''[[Games_J|J]]
| '''[[Games_K|K]]
| '''[[Games_L|L]]
| '''[[Games_M|M]]
| '''[[Games_N|N]]
| '''[[Games_O|O]]
| '''[[Games_P|P]]
| '''[[Games_Q|Q]]
| '''[[Games_R|R]]
| '''[[Games_S|S]]
| '''[[Games_T|T]]
| '''[[Games_U|U]]
| '''[[Games_V|V]]
| '''[[Games_W|W]]
| '''[[Games_X|X]]
| '''[[Games_Y|Y]]
| '''[[Games_Z|Z]]
|}


{{Datatable styles}}
{{#ask:
 [[Category:Games]]
 [[Display title of::~Y*]] OR 
 [[Category:Games]]
 [[Display title of::~y*]]
 [[:+]]
 |?Has release date=Release Date
 |?Has characters=Characters
 |?Has concepts=Concepts
 |?Has developers=Developers
 |?Has franchise=Franchise
 |?Has games=Games
 |?Has genres=Genres
 |?Has locations=Locations
 |?Has objects=Objects
 |?Has platforms=Platforms
 |?Has publishers=Publishers
 |?Has themes=Themes
 |mainlabel=Name
 |headers=plain
 |class=datatable
}}</text>
      <sha1>rc1tq4yria28p3rgw4zjwy7cxazal48</sha1>
    </revision>
  </page>
  <page>
    <title>Games Z</title>
    <ns>0</ns>
    <id>425866</id>
    <revision>
      <id>426569</id>
      <parentid>426536</parentid>
      <timestamp>2025-10-22T01:09:17Z</timestamp>
      <contributor>
        <username>Giantbomb</username>
        <id>1</id>
      </contributor>
      <origin>426569</origin>
      <model>wikitext</model>
      <format>text/x-wiki</format>
      <text bytes="1354" sha1="h5luap0ynf8tz820os8incm3k2de9mv" xml:space="preserve">{| class="wikitable" align=center width=100%
! colspan=32 | Games
|- align=center
| '''[[Games_0-4|0-4]]
| '''[[Games_5-9|5-9]]
| '''[[Games_A|A]]
| '''[[Games_B|B]]
| '''[[Games_C|C]]
| '''[[Games_D|D]]
| '''[[Games_E|E]]
| '''[[Games_F|F]]
| '''[[Games_G|G]]
| '''[[Games_H|H]]
| '''[[Games_I|I]]
| '''[[Games_J|J]]
| '''[[Games_K|K]]
| '''[[Games_L|L]]
| '''[[Games_M|M]]
| '''[[Games_N|N]]
| '''[[Games_O|O]]
| '''[[Games_P|P]]
| '''[[Games_Q|Q]]
| '''[[Games_R|R]]
| '''[[Games_S|S]]
| '''[[Games_T|T]]
| '''[[Games_U|U]]
| '''[[Games_V|V]]
| '''[[Games_W|W]]
| '''[[Games_X|X]]
| '''[[Games_Y|Y]]
| '''[[Games_Z|Z]]
|}


{{Datatable styles}}
{{#ask:
 [[Category:Games]]
 [[Display title of::~Z*]] OR 
 [[Category:Games]]
 [[Display title of::~z*]]
 [[:+]]
 |?Has release date=Release Date
 |?Has characters=Characters
 |?Has concepts=Concepts
 |?Has developers=Developers
 |?Has franchise=Franchise
 |?Has games=Games
 |?Has genres=Genres
 |?Has locations=Locations
 |?Has objects=Objects
 |?Has platforms=Platforms
 |?Has publishers=Publishers
 |?Has themes=Themes
 |mainlabel=Name
 |headers=plain
 |class=datatable
}}</text>
      <sha1>h5luap0ynf8tz820os8incm3k2de9mv</sha1>
    </revision>
  </page>
  <page>
    <title>Template:Datatable styles</title>
    <ns>10</ns>
    <id>425819</id>
    <revision>
      <id>426338</id>
      <timestamp>2025-10-21T20:33:49Z</timestamp>
      <contributor>
        <username>Giantbomb</username>
        <id>1</id>
      </contributor>
      <comment>Created page with "&lt;includeonly&gt;&lt;templatestyles src="Template:Datatable styles/styles.css" /&gt;&lt;/includeonly&gt;&lt;noinclude&gt;{{/doc}}&lt;/noinclude&gt;"</comment>
      <origin>426338</origin>
      <model>wikitext</model>
      <format>text/x-wiki</format>
      <text bytes="119" sha1="pl9yldnbdzr5b8ptneyzxreadr2909n" xml:space="preserve">&lt;includeonly&gt;&lt;templatestyles src="Template:Datatable styles/styles.css" /&gt;&lt;/includeonly&gt;&lt;noinclude&gt;{{/doc}}&lt;/noinclude&gt;</text>
      <sha1>pl9yldnbdzr5b8ptneyzxreadr2909n</sha1>
    </revision>
  </page>
  <page>
    <title>Template:Datatable styles/styles.css</title>
    <ns>10</ns>
    <id>425821</id>
    <revision>
      <id>426341</id>
      <timestamp>2025-10-21T20:35:35Z</timestamp>
      <contributor>
        <username>Giantbomb</username>
        <id>1</id>
      </contributor>
      <comment>Created page with "  /* Do not wrap table header */ .dataTable thead { 	white-space: nowrap; }  /* Image column */ td.smwtype_wpg:first-child { 	padding: 0; }  /* Image */ td.smwtype_wpg:first-child img { 	width: 56px; 	height: 56px; 	object-fit: cover; }  /* Allow text wrapping for scroller */ div.dts tbody th, div.dts tbody td { 	white-space: normal; }"</comment>
      <origin>426341</origin>
      <model>sanitized-css</model>
      <format>text/css</format>
      <text bytes="337" sha1="077fj3pz0qqo8ft4w7318mn1p5a3o8p" xml:space="preserve">

/* Do not wrap table header */
.dataTable thead {
	white-space: nowrap;
}

/* Image column */
td.smwtype_wpg:first-child {
	padding: 0;
}

/* Image */
td.smwtype_wpg:first-child img {
	width: 56px;
	height: 56px;
	object-fit: cover;
}

/* Allow text wrapping for scroller */
div.dts tbody th,
div.dts tbody td {
	white-space: normal;
}</text>
      <sha1>077fj3pz0qqo8ft4w7318mn1p5a3o8p</sha1>
    </revision>
  </page>
</mediawiki>
